No,X投稿文,
1,入金は来月なのに、今月の支払いが先に来る。中小企業あるあるを、初めて経営して痛感した。 #資金繰り,https://qolmedia.info/factoring-lp.html?utm_source=twitter&utm_medium=social&utm_campaign=factoring_lp&utm_content=factoring_01
2,銀行融資、審査に落ちた。担保も実績も足りないと言われて、他に道はないのかと調べ始めた。 #融資,https://qolmedia.info/factoring-lp.html?utm_source=twitter&utm_medium=social&utm_campaign=factoring_lp&utm_content=factoring_02
3,売掛金、回収サイトが90日。仕事は取れているのに手元に現金がない状態が続く。 #売掛金,https://qolmedia.info/factoring-lp.html?utm_source=twitter&utm_medium=social&utm_campaign=factoring_lp&utm_content=factoring_03
4,ファクタリングって借金じゃない、と知ったのは資金繰りに詰まった時。負債にならない点が大きい。 #ファクタリング,https://qolmedia.info/factoring-lp.html?utm_source=twitter&utm_medium=social&utm_campaign=factoring_lp&utm_content=factoring_04
5,手数料1%台の業者があると聞いて、本当か半信半疑。比較表で一覧できると助かる。 #手数料,https://qolmedia.info/factoring-lp.html?utm_source=twitter&utm_medium=social&utm_campaign=factoring_lp&utm_content=factoring_05
6,即日入金、本当に当日振り込まれるの？急ぎの支払い前に確認したくなる。 #即日入金,https://qolmedia.info/factoring-lp.html?utm_source=twitter&utm_medium=social&utm_campaign=factoring_lp&utm_content=factoring_06
7,個人事業主でもファクタリング使えると知って、選択肢が広がった。 #個人事業主,https://qolmedia.info/factoring-lp.html?utm_source=twitter&utm_medium=social&utm_campaign=factoring_lp&utm_content=factoring_07
8,2社間ファクタリングと3社間、違いがよくわからなかった。取引先への通知の有無がポイントだと学んだ。 #2社間,https://qolmedia.info/factoring-lp.html?utm_source=twitter&utm_medium=social&utm_campaign=factoring_lp&utm_content=factoring_08
9,悪徳業者の話、ネットで見て不安になった。正規業者の見分け方を先に押さえたい。 #業者選び,https://qolmedia.info/factoring-lp.html?utm_source=twitter&utm_medium=social&utm_campaign=factoring_lp&utm_content=factoring_09
10,赤字決算でも使えるケースがあると聞いた。万能ではないけど、銀行以外の選択肢として。 #赤字,https://qolmedia.info/factoring-lp.html?utm_source=twitter&utm_medium=social&utm_campaign=factoring_lp&utm_content=factoring_10
11,税金の納付が迫っているのに入金が遅れている。月末は特につらい。 #税金,https://qolmedia.info/factoring-lp.html?utm_source=twitter&utm_medium=social&utm_campaign=factoring_lp&utm_content=factoring_11
12,スタートアップの資金繰り、エンジェルがいないと自転車操業。売掛の現金化は知っておきたかった。 #スタートアップ,https://qolmedia.info/factoring-lp.html?utm_source=twitter&utm_medium=social&utm_campaign=factoring_lp&utm_content=factoring_12
13,請求書を出したのに、支払いサイトが60日。取引先の信用はあるのに手元が空っぽ。 #請求書,https://qolmedia.info/factoring-lp.html?utm_source=twitter&utm_medium=social&utm_campaign=factoring_lp&utm_content=factoring_13
14,建設業、入金遅れが業界あるある。専門のファクタリングがあると聞いた。 #建設業,https://qolmedia.info/factoring-lp.html?utm_source=twitter&utm_medium=social&utm_campaign=factoring_lp&utm_content=factoring_14
15,医療法人、診療報酬の入金タイミング。業界特化型があるらしい。 #医療,https://qolmedia.info/factoring-lp.html?utm_source=twitter&utm_medium=social&utm_campaign=factoring_lp&utm_content=factoring_15
16,少額から10万円から、と書いてある業者。小さく試せるのは安心。 #少額,https://qolmedia.info/factoring-lp.html?utm_source=twitter&utm_medium=social&utm_campaign=factoring_lp&utm_content=factoring_16
17,高額1億円対応、大きな案件のときだけ使うイメージだった。上限は業者ごとに違う。 #高額,https://qolmedia.info/factoring-lp.html?utm_source=twitter&utm_medium=social&utm_campaign=factoring_lp&utm_content=factoring_17
18,審査通過率90%以上、数字の根拠は公式で確認したい。 #審査,https://qolmedia.info/factoring-lp.html?utm_source=twitter&utm_medium=social&utm_campaign=factoring_lp&utm_content=factoring_18
19,土日祝でも振込対応、月末締めの翌月払い前に助かる話。 #土日対応,https://qolmedia.info/factoring-lp.html?utm_source=twitter&utm_medium=social&utm_campaign=factoring_lp&utm_content=factoring_19
20,オンライン完結、来社不要はコロナ以降当たり前になった。 #オンライン,https://qolmedia.info/factoring-lp.html?utm_source=twitter&utm_medium=social&utm_campaign=factoring_lp&utm_content=factoring_20
21,取引先にバレるのが嫌、3社間は通知が必要と知って2社間を検討した。 #通知,https://qolmedia.info/factoring-lp.html?utm_source=twitter&utm_medium=social&utm_campaign=factoring_lp&utm_content=factoring_21
22,手数料だけで業者を選ぶと失敗した話を先輩から聞いた。スピードと安全性もセットで。 #比較,https://qolmedia.info/factoring-lp.html?utm_source=twitter&utm_medium=social&utm_campaign=factoring_lp&utm_content=factoring_22
23,3社以上で相見積もり、LPにそう書いてあって納得。1社だけは危ない。 #相見積もり,https://qolmedia.info/factoring-lp.html?utm_source=twitter&utm_medium=social&utm_campaign=factoring_lp&utm_content=factoring_23
24,売掛先の信用力が審査基準、自分の会社より取引先を見るのは初めて知った。 #審査基準,https://qolmedia.info/factoring-lp.html?utm_source=twitter&utm_medium=social&utm_campaign=factoring_lp&utm_content=factoring_24
25,創業1年目、銀行は厳しい。ファクタリングは別ルート。 #創業,https://qolmedia.info/factoring-lp.html?utm_source=twitter&utm_medium=social&utm_campaign=factoring_lp&utm_content=factoring_25
26,フリーランス、請求は出すけど入金まで待てない月がある。 #フリーランス,https://qolmedia.info/factoring-lp.html?utm_source=twitter&utm_medium=social&utm_campaign=factoring_lp&utm_content=factoring_26
27,外注費の支払いが先、クライアントからの入金が後。キャッシュフローのズレ。 #外注,https://qolmedia.info/factoring-lp.html?utm_source=twitter&utm_medium=social&utm_campaign=factoring_lp&utm_content=factoring_27
28,在庫を買うタイミングと入金のタイミングがずれる。商社あるある。 #在庫,https://qolmedia.info/factoring-lp.html?utm_source=twitter&utm_medium=social&utm_campaign=factoring_lp&utm_content=factoring_28
29,給料日まであと10日、売掛の現金化で乗り切ったことがある同業者の話。 #給与,https://qolmedia.info/factoring-lp.html?utm_source=twitter&utm_medium=social&utm_campaign=factoring_lp&utm_content=factoring_29
30,リース料、口座残高がギリギリの月。即日調達の選択肢。 #リース,https://qolmedia.info/factoring-lp.html?utm_source=twitter&utm_medium=social&utm_campaign=factoring_lp&utm_content=factoring_30
31,コロナ禍、取引先の支払いが遅延。自分の支払いは遅らせられない。 #コロナ,https://qolmedia.info/factoring-lp.html?utm_source=twitter&utm_medium=social&utm_campaign=factoring_lp&utm_content=factoring_31
32,インボイス制度、請求フローは変わったが入金サイトは変わらない。 #インボイス,https://qolmedia.info/factoring-lp.html?utm_source=twitter&utm_medium=social&utm_campaign=factoring_lp&utm_content=factoring_32
33,補助金は申請したが振込まで時間がかかる。その間のつなぎ。 #補助金,https://qolmedia.info/factoring-lp.html?utm_source=twitter&utm_medium=social&utm_campaign=factoring_lp&utm_content=factoring_33
34,M&A後の統合で資金需要が増えた。短期調達の比較が必要だった。 #M&A,https://qolmedia.info/factoring-lp.html?utm_source=twitter&utm_medium=social&utm_campaign=factoring_lp&utm_content=factoring_34
35,季節変動が激しい業種、繁忙期前に原資がいる。 #季節,https://qolmedia.info/factoring-lp.html?utm_source=twitter&utm_medium=social&utm_campaign=factoring_lp&utm_content=factoring_35
36,海外取引、入金がさらに遅い。円建てのつなぎも必要。 #海外,https://qolmedia.info/factoring-lp.html?utm_source=twitter&utm_medium=social&utm_campaign=factoring_lp&utm_content=factoring_36
37,親会社の保証がない子会社、銀行は厳しめ。 #子会社,https://qolmedia.info/factoring-lp.html?utm_source=twitter&utm_medium=social&utm_campaign=factoring_lp&utm_content=factoring_37
38,連帯保証人なし、ファクタリングは担保不要が魅力。 #連帯保証,https://qolmedia.info/factoring-lp.html?utm_source=twitter&utm_medium=social&utm_campaign=factoring_lp&utm_content=factoring_38
39,借入限度額に達した。次の一手を探すとき。 #借入,https://qolmedia.info/factoring-lp.html?utm_source=twitter&utm_medium=social&utm_campaign=factoring_lp&utm_content=factoring_39
40,カードローンは使いたくない。売掛を売る形は心理的ハードルが違う。 #心理,https://qolmedia.info/factoring-lp.html?utm_source=twitter&utm_medium=social&utm_campaign=factoring_lp&utm_content=factoring_40
41,手数料20%は高すぎる、比較して避けたい。相場感を知りたい。 #相場,https://qolmedia.info/factoring-lp.html?utm_source=twitter&utm_medium=social&utm_campaign=factoring_lp&utm_content=factoring_41
42,最短2時間入金、本当に使った人の話を記事で見たい。 #2時間,https://qolmedia.info/factoring-lp.html?utm_source=twitter&utm_medium=social&utm_campaign=factoring_lp&utm_content=factoring_42
43,無料相談だけ、まず話を聞いてから決められる業者がいい。 #無料相談,https://qolmedia.info/factoring-lp.html?utm_source=twitter&utm_medium=social&utm_campaign=factoring_lp&utm_content=factoring_43
44,月末25日以降、バナーが出るサイトある。資金繰りのピーク。 #月末,https://qolmedia.info/factoring-lp.html?utm_source=twitter&utm_medium=social&utm_campaign=factoring_lp&utm_content=factoring_44
45,商談は取れたのに入金前に材料費が必要。製造業のジレンマ。 #製造,https://qolmedia.info/factoring-lp.html?utm_source=twitter&utm_medium=social&utm_campaign=factoring_lp&utm_content=factoring_45
46,EC、売上は伸びるが入金サイクルがキツい。 #EC,https://qolmedia.info/factoring-lp.html?utm_source=twitter&utm_medium=social&utm_campaign=factoring_lp&utm_content=factoring_46
47,飲食、仕入れは現金、売上はカード翌月。 #飲食,https://qolmedia.info/factoring-lp.html?utm_source=twitter&utm_medium=social&utm_campaign=factoring_lp&utm_content=factoring_47
48,IT受託、月末締め翌月末払いが標準。エンジニアの支払いは毎月。 #IT,https://qolmedia.info/factoring-lp.html?utm_source=twitter&utm_medium=social&utm_campaign=factoring_lp&utm_content=factoring_48
49,比較表で手数料とスピードを一覧、調べる時間を短縮したい。 #比較表,https://qolmedia.info/factoring-lp.html?utm_source=twitter&utm_medium=social&utm_campaign=factoring_lp&utm_content=factoring_49
