生成日,channel,csv_no,投稿予定日時,buffer_post_id,status,備考
2026-05-20,pet,1,2026-05-21T21:00:00+09:00,6a0d1633a89dfd41fab602ef,uploaded,ok; 218字; dueAt=2026-05-21T21:00:00+09:00; csv_no=1
2026-05-20,factoring,1,2026-05-21T22:00:00+09:00,6a0d16522280abc0d5abfb40,uploaded,ok; 117字; dueAt=2026-05-21T22:00:00+09:00; csv_no=1
2026-05-20,hc,1,2026-05-21T23:00:00+09:00,6a0d167251111e1710bb4735,uploaded,ok; 84字; dueAt=2026-05-21T23:00:00+09:00; csv_no=1
2026-05-20,sleep,1,2026-05-22T00:00:00+09:00,6a0d169199de54e22dfca21f,uploaded,ok; 158字; dueAt=2026-05-22T00:00:00+09:00; csv_no=1
2026-05-21,pet,2,2026-05-22T21:00:00+09:00,6a0efd1f92710ff89998a505,uploaded,ok; 196字; dueAt=2026-05-22T21:00:00+09:00; csv_no=2
2026-05-21,factoring,2,2026-05-22T22:00:00+09:00,6a0efd46f928509de60e37a8,uploaded,ok; 113字; dueAt=2026-05-22T22:00:00+09:00; csv_no=2
2026-05-21,hc,2,2026-05-22T23:00:00+09:00,6a0efd659d3dd222e6b5f13c,uploaded,ok; 94字; dueAt=2026-05-22T23:00:00+09:00; csv_no=2
2026-05-21,sleep,,2026-05-23T00:00:00+09:00,,error,HTTP 520: error code: 520
2026-05-21,sleep,2,2026-05-23T00:00:00+09:00,6a0efe2cf928509de60e3a0e,uploaded,ok; 150字; dueAt=2026-05-23T00:00:00+09:00; csv_no=2
2026-05-22,pet,3,2026-05-23T21:00:00+09:00,6a0fafe007dbdb3bea5c9922,uploaded,ok; 218字; dueAt=2026-05-23T21:00:00+09:00; csv_no=3
2026-05-22,factoring,3,2026-05-23T22:00:00+09:00,6a0fafff03beafff7ed9b021,uploaded,ok; 104字; dueAt=2026-05-23T22:00:00+09:00; csv_no=3
2026-05-22,hc,3,2026-05-23T23:00:00+09:00,6a0fb01edf7afd547db40529,uploaded,ok; 102字; dueAt=2026-05-23T23:00:00+09:00; csv_no=3
2026-05-22,sleep,3,2026-05-24T00:00:00+09:00,6a0fb03ef273a8b3a83e587f,uploaded,ok; 137字; dueAt=2026-05-24T00:00:00+09:00; csv_no=3
2026-05-23,pet,4,2026-05-24T21:00:00+09:00,6a1173a3f78e0c34522b92b0,uploaded,ok; 185字; dueAt=2026-05-24T21:00:00+09:00; csv_no=4
2026-05-23,factoring,4,2026-05-24T22:00:00+09:00,6a1173c293ec79a2e018c6c2,uploaded,ok; 130字; dueAt=2026-05-24T22:00:00+09:00; csv_no=4
2026-05-23,hc,4,2026-05-24T23:00:00+09:00,6a1173e193ec79a2e018c777,uploaded,ok; 90字; dueAt=2026-05-24T23:00:00+09:00; csv_no=4
2026-05-23,sleep,4,2026-05-25T00:00:00+09:00,6a1174000dc6571b69f13e73,uploaded,ok; 139字; dueAt=2026-05-25T00:00:00+09:00; csv_no=4
2026-05-24,pet,5,2026-05-25T21:00:00+09:00,6a12c52593ec79a2e01cc5c4,uploaded,ok; 189字; dueAt=2026-05-25T21:00:00+09:00; csv_no=5
2026-05-24,factoring,5,2026-05-25T22:00:00+09:00,6a12c544f78e0c34522f99d9,uploaded,ok; 106字; dueAt=2026-05-25T22:00:00+09:00; csv_no=5
2026-05-24,hc,5,2026-05-25T23:00:00+09:00,6a12c563189925716a339bea,uploaded,ok; 100字; dueAt=2026-05-25T23:00:00+09:00; csv_no=5
2026-05-24,sleep,5,2026-05-26T00:00:00+09:00,6a12c583189925716a339c5d,uploaded,ok; 130字; dueAt=2026-05-26T00:00:00+09:00; csv_no=5
2026-05-25,pet,6,2026-05-26T21:00:00+09:00,6a1416a735943a2f741d970a,uploaded,ok; 201字; dueAt=2026-05-26T21:00:00+09:00; csv_no=6
2026-05-25,factoring,6,2026-05-26T22:00:00+09:00,6a1416c6c1f450f6f6d0d87e,uploaded,ok; 101字; dueAt=2026-05-26T22:00:00+09:00; csv_no=6
2026-05-25,hc,6,2026-05-26T23:00:00+09:00,6a1416e535943a2f741d9797,uploaded,ok; 88字; dueAt=2026-05-26T23:00:00+09:00; csv_no=6
2026-05-25,sleep,6,2026-05-27T00:00:00+09:00,6a141704918a6f9538132169,uploaded,ok; 128字; dueAt=2026-05-27T00:00:00+09:00; csv_no=6
2026-05-26,pet,7,2026-05-27T21:00:00+09:00,6a156829b41ce81907ccd1fa,uploaded,ok; 197字; dueAt=2026-05-27T21:00:00+09:00; csv_no=7
2026-05-26,factoring,7,2026-05-27T22:00:00+09:00,6a156848cc508ec28c9441dc,uploaded,ok; 97字; dueAt=2026-05-27T22:00:00+09:00; csv_no=7
2026-05-26,hc,7,2026-05-27T23:00:00+09:00,6a156867b41ce81907ccd359,uploaded,ok; 79字; dueAt=2026-05-27T23:00:00+09:00; csv_no=7
2026-05-26,sleep,7,2026-05-28T00:00:00+09:00,6a156886b41ce81907ccd531,uploaded,ok; 147字; dueAt=2026-05-28T00:00:00+09:00; csv_no=7
2026-05-27,pet,8,2026-05-28T21:00:00+09:00,6a16b9aa3b65df026c00662d,uploaded,ok; 199字; dueAt=2026-05-28T21:00:00+09:00; csv_no=8
2026-05-27,factoring,8,2026-05-28T22:00:00+09:00,6a16b9c9cb54b2f316b4f42e,uploaded,ok; 125字; dueAt=2026-05-28T22:00:00+09:00; csv_no=8
2026-05-27,hc,8,2026-05-28T23:00:00+09:00,6a16b9e8623d28213529c206,uploaded,ok; 90字; dueAt=2026-05-28T23:00:00+09:00; csv_no=8
2026-05-27,sleep,8,2026-05-29T00:00:00+09:00,6a16ba07623d28213529c266,uploaded,ok; 135字; dueAt=2026-05-29T00:00:00+09:00; csv_no=8
2026-05-28,pet,9,2026-05-29T21:00:00+09:00,6a180b283c5cf0dc6a4b405f,uploaded,ok; 214字; dueAt=2026-05-29T21:00:00+09:00; csv_no=9
2026-05-28,factoring,9,2026-05-29T22:00:00+09:00,6a180b47cb9b8bf250f48b4c,uploaded,ok; 108字; dueAt=2026-05-29T22:00:00+09:00; csv_no=9
2026-05-28,hc,9,2026-05-29T23:00:00+09:00,6a180b653c27e52d0e207e4f,uploaded,ok; 80字; dueAt=2026-05-29T23:00:00+09:00; csv_no=9
2026-05-28,sleep,9,2026-05-30T00:00:00+09:00,6a180b84f0fc8450d613c5d7,uploaded,ok; 116字; dueAt=2026-05-30T00:00:00+09:00; csv_no=9
2026-05-29,pet,10,2026-05-30T21:00:00+09:00,6a195ca65cb1476612fd7306,uploaded,ok; 181字; dueAt=2026-05-30T21:00:00+09:00; csv_no=10
2026-05-29,factoring,10,2026-05-30T22:00:00+09:00,6a195cc5e7c95c8034262697,uploaded,ok; 110字; dueAt=2026-05-30T22:00:00+09:00; csv_no=10
2026-05-29,hc,10,2026-05-30T23:00:00+09:00,6a195ce4e7c95c80342627ea,uploaded,ok; 82字; dueAt=2026-05-30T23:00:00+09:00; csv_no=10
2026-05-29,sleep,10,2026-05-31T00:00:00+09:00,6a195d023bf71d997f63a2b1,uploaded,ok; 132字; dueAt=2026-05-31T00:00:00+09:00; csv_no=10
2026-05-30,pet,11,2026-05-31T21:00:00+09:00,6a1aae244f72c5a5a7f45544,uploaded,ok; 203字; dueAt=2026-05-31T21:00:00+09:00; csv_no=11
2026-05-30,factoring,11,2026-05-31T22:00:00+09:00,6a1aae434f72c5a5a7f45612,uploaded,ok; 91字; dueAt=2026-05-31T22:00:00+09:00; csv_no=11
2026-05-30,hc,11,2026-05-31T23:00:00+09:00,6a1aae62586c8076cfe2c67a,uploaded,ok; 75字; dueAt=2026-05-31T23:00:00+09:00; csv_no=11
2026-05-30,sleep,11,2026-06-01T00:00:00+09:00,6a1aae8119f751d89389c3eb,uploaded,ok; 126字; dueAt=2026-06-01T00:00:00+09:00; csv_no=11
2026-05-31,pet,12,2026-06-01T21:00:00+09:00,6a1bffa6efeb482ae34060d5,uploaded,ok; 179字; dueAt=2026-06-01T21:00:00+09:00; csv_no=12
2026-05-31,factoring,12,2026-06-01T22:00:00+09:00,6a1bffc5cf41ba285236282c,uploaded,ok; 130字; dueAt=2026-06-01T22:00:00+09:00; csv_no=12
2026-05-31,hc,12,2026-06-01T23:00:00+09:00,6a1bffe473337d7a137955cb,uploaded,ok; 83字; dueAt=2026-06-01T23:00:00+09:00; csv_no=12
2026-05-31,sleep,12,2026-06-02T00:00:00+09:00,6a1c000357233bc29529434d,uploaded,ok; 109字; dueAt=2026-06-02T00:00:00+09:00; csv_no=12
2026-06-01,pet,13,2026-06-02T21:00:00+09:00,6a1d51273b49bdf30171ea9f,uploaded,ok; 199字; dueAt=2026-06-02T21:00:00+09:00; csv_no=13
2026-06-01,factoring,13,2026-06-02T22:00:00+09:00,6a1d5146f69c09e26cd71feb,uploaded,ok; 106字; dueAt=2026-06-02T22:00:00+09:00; csv_no=13
2026-06-01,hc,13,2026-06-02T23:00:00+09:00,6a1d516511c9efc4b4beb081,uploaded,ok; 79字; dueAt=2026-06-02T23:00:00+09:00; csv_no=13
2026-06-01,sleep,13,2026-06-03T00:00:00+09:00,6a1d5184f69c09e26cd721aa,uploaded,ok; 131字; dueAt=2026-06-03T00:00:00+09:00; csv_no=13
2026-06-02,pet,14,2026-06-03T21:00:00+09:00,6a1ea2a95d30126a916ac16b,uploaded,ok; 185字; dueAt=2026-06-03T21:00:00+09:00; csv_no=14
2026-06-02,factoring,14,2026-06-03T22:00:00+09:00,6a1ea2c89e2639e8b6389083,uploaded,ok; 98字; dueAt=2026-06-03T22:00:00+09:00; csv_no=14
2026-06-02,hc,14,2026-06-03T23:00:00+09:00,6a1ea2e7f0de13f250367465,uploaded,ok; 80字; dueAt=2026-06-03T23:00:00+09:00; csv_no=14
2026-06-02,sleep,14,2026-06-04T00:00:00+09:00,6a1ea3065d30126a916ac2d0,uploaded,ok; 124字; dueAt=2026-06-04T00:00:00+09:00; csv_no=14
2026-06-03,pet,15,2026-06-04T21:00:00+09:00,6a1ff42b194d3f322848442b,uploaded,ok; 185字; dueAt=2026-06-04T21:00:00+09:00; csv_no=15
2026-06-03,factoring,15,2026-06-04T22:00:00+09:00,6a1ff44abcd304de9db3dea1,uploaded,ok; 88字; dueAt=2026-06-04T22:00:00+09:00; csv_no=15
2026-06-03,hc,15,2026-06-04T23:00:00+09:00,6a1ff469e4fb406910ec77b7,uploaded,ok; 87字; dueAt=2026-06-04T23:00:00+09:00; csv_no=15
2026-06-03,sleep,15,2026-06-05T00:00:00+09:00,6a1ff488579718f2549657bf,uploaded,ok; 131字; dueAt=2026-06-05T00:00:00+09:00; csv_no=15
2026-06-04,pet,16,2026-06-05T21:00:00+09:00,6a2145a6b1a7afdc9ecc8e4f,uploaded,ok; 175字; dueAt=2026-06-05T21:00:00+09:00; csv_no=16
2026-06-04,factoring,16,2026-06-05T22:00:00+09:00,6a2145c74545f002d0b86de3,uploaded,ok; 88字; dueAt=2026-06-05T22:00:00+09:00; csv_no=16
2026-06-04,hc,16,2026-06-05T23:00:00+09:00,6a2145e5774c6ad219f4f397,uploaded,ok; 65字; dueAt=2026-06-05T23:00:00+09:00; csv_no=16
2026-06-04,sleep,16,2026-06-06T00:00:00+09:00,6a2146044545f002d0b87078,uploaded,ok; 129字; dueAt=2026-06-06T00:00:00+09:00; csv_no=16
2026-06-05,pet,17,2026-06-06T21:00:00+09:00,6a2297255ac8d1cc89872da1,uploaded,ok; 190字; dueAt=2026-06-06T21:00:00+09:00; csv_no=17
2026-06-05,factoring,17,2026-06-06T22:00:00+09:00,6a22974455c0d5d0e80cefe8,uploaded,ok; 105字; dueAt=2026-06-06T22:00:00+09:00; csv_no=17
2026-06-05,hc,17,2026-06-06T23:00:00+09:00,6a22976355c0d5d0e80cf3eb,uploaded,ok; 75字; dueAt=2026-06-06T23:00:00+09:00; csv_no=17
2026-06-05,sleep,17,2026-06-07T00:00:00+09:00,6a229782bce7d1fb8190544b,uploaded,ok; 111字; dueAt=2026-06-07T00:00:00+09:00; csv_no=17
2026-06-06,fatigue,1,2026-06-07T08:00:00+09:00,6a23e8a0a1f61c27db9f9e5b,uploaded,ok; 182字; dueAt=2026-06-07T08:00:00+09:00; csv_no=1
2026-06-06,focus,1,2026-06-07T12:00:00+09:00,6a23e8c084901879669fc336,uploaded,ok; 179字; dueAt=2026-06-07T12:00:00+09:00; csv_no=1
2026-06-06,stress,1,2026-06-07T18:00:00+09:00,6a23e8dea1f61c27db9f9f17,uploaded,ok; 154字; dueAt=2026-06-07T18:00:00+09:00; csv_no=1
2026-06-06,sleep,1,2026-06-07T21:00:00+09:00,6a23e8fd84901879669fc425,uploaded,ok; 158字; dueAt=2026-06-07T21:00:00+09:00; csv_no=1
2026-06-06,haircare,1,2026-06-07T23:00:00+09:00,6a23e91ca1f61c27db9fa010,uploaded,ok; 84字; dueAt=2026-06-07T23:00:00+09:00; csv_no=1
2026-06-07,fatigue,2,2026-06-08T08:00:00+09:00,6a253a19e49e864d495d2d99,uploaded,ok; 186字; dueAt=2026-06-08T08:00:00+09:00; csv_no=2
2026-06-07,focus,2,2026-06-08T12:00:00+09:00,6a253a38256aec15a7251ff9,uploaded,ok; 157字; dueAt=2026-06-08T12:00:00+09:00; csv_no=2
2026-06-07,stress,2,2026-06-08T18:00:00+09:00,6a253a5774031f4964cf3ff6,uploaded,ok; 175字; dueAt=2026-06-08T18:00:00+09:00; csv_no=2
2026-06-07,sleep,2,2026-06-08T21:00:00+09:00,6a253a76e49e864d495d31c1,uploaded,ok; 150字; dueAt=2026-06-08T21:00:00+09:00; csv_no=2
2026-06-07,haircare,2,2026-06-08T23:00:00+09:00,6a253a95256aec15a7252294,uploaded,ok; 94字; dueAt=2026-06-08T23:00:00+09:00; csv_no=2
2026-06-08,fatigue,3,2026-06-09T08:00:00+09:00,6a268b9a08916cf508b09c59,uploaded,ok; 200字; dueAt=2026-06-09T08:00:00+09:00; csv_no=3
2026-06-08,focus,3,2026-06-09T12:00:00+09:00,6a268bb9a48b87a659596b8b,uploaded,ok; 158字; dueAt=2026-06-09T12:00:00+09:00; csv_no=3
2026-06-08,stress,3,2026-06-09T18:00:00+09:00,6a268bd8cd0606dd91a30bea,uploaded,ok; 153字; dueAt=2026-06-09T18:00:00+09:00; csv_no=3
2026-06-08,sleep,3,2026-06-09T21:00:00+09:00,6a268bf8cd0606dd91a30c26,uploaded,ok; 137字; dueAt=2026-06-09T21:00:00+09:00; csv_no=3
2026-06-08,haircare,3,2026-06-09T23:00:00+09:00,6a268c162c25b0a812039d83,uploaded,ok; 102字; dueAt=2026-06-09T23:00:00+09:00; csv_no=3
2026-06-09,fatigue,4,2026-06-10T08:00:00+09:00,6a27dd1f7d85be41ca6de3fb,uploaded,ok; 183字; dueAt=2026-06-10T08:00:00+09:00; csv_no=4
2026-06-09,focus,4,2026-06-10T12:00:00+09:00,6a27dd3ede35e7cc8d34793e,uploaded,ok; 180字; dueAt=2026-06-10T12:00:00+09:00; csv_no=4
2026-06-09,stress,4,2026-06-10T18:00:00+09:00,6a27dd5d03edf46f70c7c232,uploaded,ok; 149字; dueAt=2026-06-10T18:00:00+09:00; csv_no=4
2026-06-09,sleep,4,2026-06-10T21:00:00+09:00,6a27dd7cde35e7cc8d347a29,uploaded,ok; 195字; dueAt=2026-06-10T21:00:00+09:00; csv_no=4
2026-06-09,haircare,4,2026-06-10T23:00:00+09:00,6a27dd9b03edf46f70c7c41b,uploaded,ok; 239字; dueAt=2026-06-10T23:00:00+09:00; csv_no=4
2026-06-10,fatigue,5,2026-06-11T08:00:00+09:00,6a292e9afbe919b215a05653,uploaded,ok; 189字; dueAt=2026-06-11T08:00:00+09:00; csv_no=5
2026-06-10,focus,5,2026-06-11T12:00:00+09:00,6a292eb97a36acc433d12f4a,uploaded,ok; 162字; dueAt=2026-06-11T12:00:00+09:00; csv_no=5
2026-06-10,stress,5,2026-06-11T18:00:00+09:00,6a292ed7931b18f917774b21,uploaded,ok; 171字; dueAt=2026-06-11T18:00:00+09:00; csv_no=5
2026-06-10,sleep,5,2026-06-11T21:00:00+09:00,6a292ef60b5f5034f1040c7e,uploaded,ok; 203字; dueAt=2026-06-11T21:00:00+09:00; csv_no=5
2026-06-10,haircare,5,2026-06-11T23:00:00+09:00,6a292f15fbe919b215a05ae8,uploaded,ok; 220字; dueAt=2026-06-11T23:00:00+09:00; csv_no=5
2026-06-11,fatigue,6,2026-06-12T08:00:00+09:00,6a2a8019778ea6413f301e27,uploaded,ok; 179字; dueAt=2026-06-12T08:00:00+09:00; csv_no=6
2026-06-11,focus,6,2026-06-12T12:00:00+09:00,6a2a8037778ea6413f301fb4,uploaded,ok; 154字; dueAt=2026-06-12T12:00:00+09:00; csv_no=6
2026-06-11,stress,6,2026-06-12T18:00:00+09:00,6a2a8056c77af25211caff10,uploaded,ok; 182字; dueAt=2026-06-12T18:00:00+09:00; csv_no=6
2026-06-11,sleep,6,2026-06-12T21:00:00+09:00,6a2a8076c77af25211cb001e,uploaded,ok; 217字; dueAt=2026-06-12T21:00:00+09:00; csv_no=6
2026-06-11,haircare,6,2026-06-12T23:00:00+09:00,6a2a8094c6121f5344c7834d,uploaded,ok; 224字; dueAt=2026-06-12T23:00:00+09:00; csv_no=6
2026-06-12,fatigue,,2026-06-13T08:00:00+09:00,,error,"{""__typename"": ""InvalidInputError"", ""message"": ""Invalid post input: dueAt must be in the future""}"
2026-06-12,focus,,2026-06-13T12:00:00+09:00,,error,"{""__typename"": ""InvalidInputError"", ""message"": ""Invalid post input: dueAt must be in the future""}"
2026-06-12,stress,,2026-06-13T18:00:00+09:00,,error,"{""__typename"": ""InvalidInputError"", ""message"": ""Invalid post input: dueAt must be in the future""}"
2026-06-12,sleep,,2026-06-13T21:00:00+09:00,,error,"{""__typename"": ""InvalidInputError"", ""message"": ""Invalid post input: dueAt must be in the future""}"
2026-06-12,haircare,,2026-06-13T23:00:00+09:00,,error,"{""__typename"": ""InvalidInputError"", ""message"": ""Invalid post input: dueAt must be in the future""}"
2026-06-13,fatigue,,2026-06-14T08:00:00+09:00,,error,"{""__typename"": ""InvalidInputError"", ""message"": ""Invalid post input: dueAt must be in the future""}"
2026-06-13,focus,,2026-06-14T12:00:00+09:00,,error,"{""__typename"": ""InvalidInputError"", ""message"": ""Invalid post input: dueAt must be in the future""}"
2026-06-13,stress,,2026-06-14T18:00:00+09:00,,error,"{""__typename"": ""InvalidInputError"", ""message"": ""Invalid post input: dueAt must be in the future""}"
2026-06-13,sleep,,2026-06-14T21:00:00+09:00,,error,"{""__typename"": ""InvalidInputError"", ""message"": ""Invalid post input: dueAt must be in the future""}"
2026-06-13,haircare,,2026-06-14T23:00:00+09:00,,error,"{""__typename"": ""InvalidInputError"", ""message"": ""Invalid post input: dueAt must be in the future""}"
2026-06-14,fatigue,7,2026-06-15T08:00:00+09:00,6a2eb64f88e56947beb78cd6,uploaded,ok; 241字; dueAt=2026-06-15T08:00:00+09:00; csv_no=7
2026-06-14,focus,7,2026-06-15T12:00:00+09:00,6a2eb66ecbbe21946a392c79,uploaded,ok; 200字; dueAt=2026-06-15T12:00:00+09:00; csv_no=7
2026-06-14,stress,7,2026-06-15T18:00:00+09:00,6a2eb68d173b697c8a926035,uploaded,ok; 169字; dueAt=2026-06-15T18:00:00+09:00; csv_no=7
2026-06-14,sleep,7,2026-06-15T21:00:00+09:00,6a2eb6ac88e56947beb78f42,uploaded,ok; 222字; dueAt=2026-06-15T21:00:00+09:00; csv_no=7
2026-06-14,haircare,7,2026-06-15T23:00:00+09:00,6a2eb6ca699f807eb308f35a,uploaded,ok; 241字; dueAt=2026-06-15T23:00:00+09:00; csv_no=7
2026-06-15,fatigue,8,2026-06-16T08:00:00+09:00,6a2fc61b3b2e18cc34cffed1,uploaded,ok; 205字; dueAt=2026-06-16T08:00:00+09:00; csv_no=8
2026-06-15,focus,8,2026-06-16T12:00:00+09:00,6a2fc63b52f2c5b6b6002bdb,uploaded,ok; 205字; dueAt=2026-06-16T12:00:00+09:00; csv_no=8
2026-06-15,stress,8,2026-06-16T18:00:00+09:00,6a2fc65ae388d968f6c50211,uploaded,ok; 183字; dueAt=2026-06-16T18:00:00+09:00; csv_no=8
2026-06-15,sleep,8,2026-06-16T21:00:00+09:00,6a2fc67952f2c5b6b6002e09,uploaded,ok; 212字; dueAt=2026-06-16T21:00:00+09:00; csv_no=8
2026-06-15,haircare,8,2026-06-16T23:00:00+09:00,6a2fc698266d8e56bd289037,uploaded,ok; 250字; dueAt=2026-06-16T23:00:00+09:00; csv_no=8
2026-06-16,fatigue,9,2026-06-17T08:00:00+09:00,6a31179c4d2a22c7bfebe3fd,uploaded,ok; 193字; dueAt=2026-06-17T08:00:00+09:00; csv_no=9
2026-06-16,focus,9,2026-06-17T12:00:00+09:00,6a3117ba258029bde0bc3d03,uploaded,ok; 215字; dueAt=2026-06-17T12:00:00+09:00; csv_no=9
2026-06-16,stress,9,2026-06-17T18:00:00+09:00,6a3117d9bcf220a69292d068,uploaded,ok; 195字; dueAt=2026-06-17T18:00:00+09:00; csv_no=9
2026-06-16,sleep,9,2026-06-17T21:00:00+09:00,6a3117f84d2a22c7bfebe6e8,uploaded,ok; 220字; dueAt=2026-06-17T21:00:00+09:00; csv_no=9
2026-06-16,haircare,9,2026-06-17T23:00:00+09:00,6a3118174d2a22c7bfebe773,uploaded,ok; 249字; dueAt=2026-06-17T23:00:00+09:00; csv_no=9
2026-06-17,fatigue,10,2026-06-18T08:00:00+09:00,6a3269194670fe142c83cc59,uploaded,ok; 201字; dueAt=2026-06-18T08:00:00+09:00; csv_no=10
2026-06-17,focus,10,2026-06-18T12:00:00+09:00,6a326937298f24ea6a7b1be4,uploaded,ok; 195字; dueAt=2026-06-18T12:00:00+09:00; csv_no=10
2026-06-17,stress,10,2026-06-18T18:00:00+09:00,6a326957a94d8f2f6ea6f0a5,uploaded,ok; 183字; dueAt=2026-06-18T18:00:00+09:00; csv_no=10
2026-06-17,sleep,10,2026-06-18T21:00:00+09:00,6a326975497796e6f45ce981,uploaded,ok; 203字; dueAt=2026-06-18T21:00:00+09:00; csv_no=10
2026-06-17,haircare,10,2026-06-18T23:00:00+09:00,6a326994298f24ea6a7b1eeb,uploaded,ok; 263字; dueAt=2026-06-18T23:00:00+09:00; csv_no=10
2026-06-18,fatigue,11,2026-06-19T08:00:00+09:00,6a33ba99e1c4e28d1f3d007a,uploaded,ok; 197字; dueAt=2026-06-19T08:00:00+09:00; csv_no=11
2026-06-18,focus,11,2026-06-19T12:00:00+09:00,6a33bab8e1c4e28d1f3d01d1,uploaded,ok; 197字; dueAt=2026-06-19T12:00:00+09:00; csv_no=11
2026-06-18,stress,11,2026-06-19T18:00:00+09:00,6a33bad8853fe139e0bcde3d,uploaded,ok; 196字; dueAt=2026-06-19T18:00:00+09:00; csv_no=11
2026-06-18,sleep,11,2026-06-19T21:00:00+09:00,6a33baf60f90cb8a857ae67a,uploaded,ok; 210字; dueAt=2026-06-19T21:00:00+09:00; csv_no=11
2026-06-18,haircare,11,2026-06-19T23:00:00+09:00,6a33bb174c11243bf4378ed8,uploaded,ok; 236字; dueAt=2026-06-19T23:00:00+09:00; csv_no=11
2026-06-19,fatigue,12,2026-06-20T08:00:00+09:00,6a350c19d55e2d06b5628cfe,uploaded,ok; 197字; dueAt=2026-06-20T08:00:00+09:00; csv_no=12
2026-06-19,focus,12,2026-06-20T12:00:00+09:00,6a350c38d794d865b534c96d,uploaded,ok; 198字; dueAt=2026-06-20T12:00:00+09:00; csv_no=12
2026-06-19,stress,12,2026-06-20T18:00:00+09:00,6a350c57edb235f3e8aac765,uploaded,ok; 195字; dueAt=2026-06-20T18:00:00+09:00; csv_no=12
2026-06-19,sleep,12,2026-06-20T21:00:00+09:00,6a350c76d55e2d06b56290f3,uploaded,ok; 206字; dueAt=2026-06-20T21:00:00+09:00; csv_no=12
2026-06-19,haircare,12,2026-06-20T23:00:00+09:00,6a350c9470997684b47399d3,uploaded,ok; 250字; dueAt=2026-06-20T23:00:00+09:00; csv_no=12
2026-06-20,fatigue,13,2026-06-21T08:00:00+09:00,6a365d9a85c1c7cceb0a1f96,uploaded,ok; 183字; dueAt=2026-06-21T08:00:00+09:00; csv_no=13
2026-06-20,focus,13,2026-06-21T12:00:00+09:00,6a365db9cfab3643d8c5fc85,uploaded,ok; 205字; dueAt=2026-06-21T12:00:00+09:00; csv_no=13
2026-06-20,stress,13,2026-06-21T18:00:00+09:00,6a365dd72186d2976287908a,uploaded,ok; 191字; dueAt=2026-06-21T18:00:00+09:00; csv_no=13
2026-06-20,sleep,13,2026-06-21T21:00:00+09:00,6a365df685c1c7cceb0a2183,uploaded,ok; 210字; dueAt=2026-06-21T21:00:00+09:00; csv_no=13
2026-06-20,haircare,13,2026-06-21T23:00:00+09:00,6a365e15cc3bc13e7adad3e2,uploaded,ok; 224字; dueAt=2026-06-21T23:00:00+09:00; csv_no=13
2026-06-21,fatigue,14,2026-06-22T08:00:00+09:00,6a37af1a848d7b22d0458db6,uploaded,ok; 201字; dueAt=2026-06-22T08:00:00+09:00; csv_no=14
2026-06-21,focus,14,2026-06-22T12:00:00+09:00,6a37af3a848d7b22d0458ff7,uploaded,ok; 183字; dueAt=2026-06-22T12:00:00+09:00; csv_no=14
2026-06-21,stress,14,2026-06-22T18:00:00+09:00,6a37af58c3e23728391cff55,uploaded,ok; 198字; dueAt=2026-06-22T18:00:00+09:00; csv_no=14
2026-06-21,sleep,14,2026-06-22T21:00:00+09:00,6a37af77aa8f9e94bc0dc9ca,uploaded,ok; 210字; dueAt=2026-06-22T21:00:00+09:00; csv_no=14
2026-06-21,haircare,14,2026-06-22T23:00:00+09:00,6a37af96848d7b22d04591d4,uploaded,ok; 232字; dueAt=2026-06-22T23:00:00+09:00; csv_no=14
2026-06-22,fatigue,15,2026-06-23T08:00:00+09:00,6a390099ab05597554ba388f,uploaded,ok; 179字; dueAt=2026-06-23T08:00:00+09:00; csv_no=15
2026-06-22,focus,15,2026-06-23T12:00:00+09:00,6a3900b8c7138a8d6ffec411,uploaded,ok; 195字; dueAt=2026-06-23T12:00:00+09:00; csv_no=15
2026-06-22,stress,15,2026-06-23T18:00:00+09:00,6a3900d7ab05597554ba3c90,uploaded,ok; 200字; dueAt=2026-06-23T18:00:00+09:00; csv_no=15
2026-06-22,sleep,15,2026-06-23T21:00:00+09:00,6a3900f677fbfa0afa378e24,uploaded,ok; 204字; dueAt=2026-06-23T21:00:00+09:00; csv_no=15
2026-06-22,haircare,15,2026-06-23T23:00:00+09:00,6a390115e3f1c63c3782dd69,uploaded,ok; 236字; dueAt=2026-06-23T23:00:00+09:00; csv_no=15
2026-06-23,fatigue,16,2026-06-24T08:00:00+09:00,6a3a521b816138b6aa6c7b26,uploaded,ok; 206字; dueAt=2026-06-24T08:00:00+09:00; csv_no=16
2026-06-23,focus,16,2026-06-24T12:00:00+09:00,6a3a5239b6534a5bc244a96e,uploaded,ok; 176字; dueAt=2026-06-24T12:00:00+09:00; csv_no=16
2026-06-23,stress,16,2026-06-24T18:00:00+09:00,6a3a5258b6534a5bc244a9f4,uploaded,ok; 174字; dueAt=2026-06-24T18:00:00+09:00; csv_no=16
2026-06-23,sleep,16,2026-06-24T21:00:00+09:00,6a3a5277b6534a5bc244aa86,uploaded,ok; 198字; dueAt=2026-06-24T21:00:00+09:00; csv_no=16
2026-06-23,haircare,16,2026-06-24T23:00:00+09:00,6a3a5295c4af84035f5464d5,uploaded,ok; 243字; dueAt=2026-06-24T23:00:00+09:00; csv_no=16
2026-06-24,fatigue,17,2026-06-25T08:00:00+09:00,6a3ba39b6d0a2932bf2cae84,uploaded,ok; 171字; dueAt=2026-06-25T08:00:00+09:00; csv_no=17
2026-06-24,focus,17,2026-06-25T12:00:00+09:00,6a3ba3ba97c02e5036a06e0f,uploaded,ok; 192字; dueAt=2026-06-25T12:00:00+09:00; csv_no=17
2026-06-24,stress,17,2026-06-25T18:00:00+09:00,6a3ba3d95826ae14742de003,uploaded,ok; 212字; dueAt=2026-06-25T18:00:00+09:00; csv_no=17
2026-06-24,sleep,17,2026-06-25T21:00:00+09:00,6a3ba3f8c6e579e3625a9a57,uploaded,ok; 215字; dueAt=2026-06-25T21:00:00+09:00; csv_no=17
2026-06-24,haircare,17,2026-06-25T23:00:00+09:00,6a3ba417c6e579e3625a9b40,uploaded,ok; 228字; dueAt=2026-06-25T23:00:00+09:00; csv_no=17
2026-06-25,fatigue,18,2026-06-26T08:00:00+09:00,6a3cf51b0ec2624017b1ef76,uploaded,ok; 190字; dueAt=2026-06-26T08:00:00+09:00; csv_no=18
2026-06-25,focus,18,2026-06-26T12:00:00+09:00,6a3cf53ac9f0ffaaf5225676,uploaded,ok; 172字; dueAt=2026-06-26T12:00:00+09:00; csv_no=18
2026-06-25,stress,18,2026-06-26T18:00:00+09:00,6a3cf55ac9f0ffaaf52257e0,uploaded,ok; 188字; dueAt=2026-06-26T18:00:00+09:00; csv_no=18
2026-06-25,sleep,18,2026-06-26T21:00:00+09:00,6a3cf5788fb74e2f84c458e1,uploaded,ok; 218字; dueAt=2026-06-26T21:00:00+09:00; csv_no=18
2026-06-25,haircare,18,2026-06-26T23:00:00+09:00,6a3cf5970ec2624017b1f43f,uploaded,ok; 237字; dueAt=2026-06-26T23:00:00+09:00; csv_no=18
2026-06-26,fatigue,19,2026-06-27T08:00:00+09:00,6a3e469b75cc869bc033d880,uploaded,ok; 172字; dueAt=2026-06-27T08:00:00+09:00; csv_no=19
2026-06-26,focus,19,2026-06-27T12:00:00+09:00,6a3e46ba2c439095cf84f575,uploaded,ok; 203字; dueAt=2026-06-27T12:00:00+09:00; csv_no=19
2026-06-26,stress,19,2026-06-27T18:00:00+09:00,6a3e46d975cc869bc033e0ef,uploaded,ok; 211字; dueAt=2026-06-27T18:00:00+09:00; csv_no=19
2026-06-26,sleep,19,2026-06-27T21:00:00+09:00,6a3e46f9e290431b8d3279e9,uploaded,ok; 207字; dueAt=2026-06-27T21:00:00+09:00; csv_no=19
2026-06-26,haircare,19,2026-06-27T23:00:00+09:00,6a3e47172c439095cf84f840,uploaded,ok; 232字; dueAt=2026-06-27T23:00:00+09:00; csv_no=19
2026-06-27,fatigue,20,2026-06-28T08:00:00+09:00,6a3f981908ab52e3fdf54d47,uploaded,ok; 186字; dueAt=2026-06-28T08:00:00+09:00; csv_no=20
2026-06-27,focus,20,2026-06-28T12:00:00+09:00,6a3f983808ab52e3fdf54e2e,uploaded,ok; 205字; dueAt=2026-06-28T12:00:00+09:00; csv_no=20
2026-06-27,stress,20,2026-06-28T18:00:00+09:00,6a3f9857be13aec99180737b,uploaded,ok; 171字; dueAt=2026-06-28T18:00:00+09:00; csv_no=20
2026-06-27,sleep,20,2026-06-28T21:00:00+09:00,6a3f987668e970d73622789b,uploaded,ok; 207字; dueAt=2026-06-28T21:00:00+09:00; csv_no=20
2026-06-27,haircare,20,2026-06-28T23:00:00+09:00,6a3f9895be13aec9918074f8,uploaded,ok; 231字; dueAt=2026-06-28T23:00:00+09:00; csv_no=20
2026-06-28,fatigue,21,2026-06-29T08:00:00+09:00,6a40e9a1be13aec991894e96,uploaded,ok; 184字; dueAt=2026-06-29T08:00:00+09:00; csv_no=21
2026-06-28,focus,21,2026-06-29T12:00:00+09:00,6a40e9bf37c4dee3e0c8fc79,uploaded,ok; 178字; dueAt=2026-06-29T12:00:00+09:00; csv_no=21
2026-06-28,stress,21,2026-06-29T18:00:00+09:00,6a40e9df1d9179702f856df2,uploaded,ok; 175字; dueAt=2026-06-29T18:00:00+09:00; csv_no=21
2026-06-28,sleep,21,2026-06-29T21:00:00+09:00,6a40ea0168e970d7362b4180,uploaded,ok; 181字; dueAt=2026-06-29T21:00:00+09:00; csv_no=21
2026-06-28,haircare,21,2026-06-29T23:00:00+09:00,6a40ea2008ab52e3fdfe88b7,uploaded,ok; 251字; dueAt=2026-06-29T23:00:00+09:00; csv_no=21
2026-06-29,fatigue,22,2026-06-30T08:00:00+09:00,6a423b1aa055a291ee6711fc,uploaded,ok; 186字; dueAt=2026-06-30T08:00:00+09:00; csv_no=22
2026-06-29,focus,22,2026-06-30T12:00:00+09:00,6a423b387e54da916578eb3d,uploaded,ok; 200字; dueAt=2026-06-30T12:00:00+09:00; csv_no=22
2026-06-29,stress,22,2026-06-30T18:00:00+09:00,6a423b587107d2769d6c6af6,uploaded,ok; 201字; dueAt=2026-06-30T18:00:00+09:00; csv_no=22
2026-06-29,sleep,22,2026-06-30T21:00:00+09:00,6a423b76a055a291ee6715e8,uploaded,ok; 216字; dueAt=2026-06-30T21:00:00+09:00; csv_no=22
2026-06-29,haircare,22,2026-06-30T23:00:00+09:00,6a423b95d387bf88a1505c82,uploaded,ok; 243字; dueAt=2026-06-30T23:00:00+09:00; csv_no=22
2026-06-30,fatigue,23,2026-07-01T08:00:00+09:00,6a438c996e5a523a580b0a13,uploaded,ok; 223字; dueAt=2026-07-01T08:00:00+09:00; csv_no=23
2026-06-30,focus,23,2026-07-01T12:00:00+09:00,6a438cb715dd60eb0cbbd54e,uploaded,ok; 194字; dueAt=2026-07-01T12:00:00+09:00; csv_no=23
2026-06-30,stress,23,2026-07-01T18:00:00+09:00,6a438cd615dd60eb0cbbd6a0,uploaded,ok; 182字; dueAt=2026-07-01T18:00:00+09:00; csv_no=23
2026-06-30,sleep,23,2026-07-01T21:00:00+09:00,6a438cf56e5a523a580b0cc6,uploaded,ok; 197字; dueAt=2026-07-01T21:00:00+09:00; csv_no=23
2026-06-30,haircare,23,2026-07-01T23:00:00+09:00,6a438d146e5a523a580b0d9a,uploaded,ok; 234字; dueAt=2026-07-01T23:00:00+09:00; csv_no=23
2026-07-01,fatigue,24,2026-07-02T08:00:00+09:00,6a44de1a5160dbb4256eebf3,uploaded,ok; 190字; dueAt=2026-07-02T08:00:00+09:00; csv_no=24
2026-07-01,focus,24,2026-07-02T12:00:00+09:00,6a44de394df26b9204bbb7a3,uploaded,ok; 202字; dueAt=2026-07-02T12:00:00+09:00; csv_no=24
2026-07-01,stress,24,2026-07-02T18:00:00+09:00,6a44de5873b23957a8d70a9e,uploaded,ok; 177字; dueAt=2026-07-02T18:00:00+09:00; csv_no=24
2026-07-01,sleep,24,2026-07-02T21:00:00+09:00,6a44de7773b23957a8d70b16,uploaded,ok; 212字; dueAt=2026-07-02T21:00:00+09:00; csv_no=24
2026-07-01,haircare,24,2026-07-02T23:00:00+09:00,6a44de9673b23957a8d70bc6,uploaded,ok; 229字; dueAt=2026-07-02T23:00:00+09:00; csv_no=24
2026-07-02,fatigue,25,2026-07-03T08:00:00+09:00,6a462f9a540226b81fba30df,uploaded,ok; 192字; dueAt=2026-07-03T08:00:00+09:00; csv_no=25
2026-07-02,focus,25,2026-07-03T12:00:00+09:00,6a462fb95e364bcce70547a3,uploaded,ok; 215字; dueAt=2026-07-03T12:00:00+09:00; csv_no=25
2026-07-02,stress,25,2026-07-03T18:00:00+09:00,6a462fd8864dcb5edb720a39,uploaded,ok; 193字; dueAt=2026-07-03T18:00:00+09:00; csv_no=25
2026-07-02,sleep,25,2026-07-03T21:00:00+09:00,6a462ff7985e6d6062050dd5,uploaded,ok; 188字; dueAt=2026-07-03T21:00:00+09:00; csv_no=25
2026-07-02,haircare,25,2026-07-03T23:00:00+09:00,6a463016985e6d6062050f48,uploaded,ok; 237字; dueAt=2026-07-03T23:00:00+09:00; csv_no=25
2026-07-03,fatigue,26,2026-07-04T08:00:00+09:00,6a47811a98d5323633f45360,uploaded,ok; 200字; dueAt=2026-07-04T08:00:00+09:00; csv_no=26
2026-07-03,focus,26,2026-07-04T12:00:00+09:00,6a478139d755cf3fca6febf5,uploaded,ok; 199字; dueAt=2026-07-04T12:00:00+09:00; csv_no=26
2026-07-03,stress,26,2026-07-04T18:00:00+09:00,6a478159f98cef8dc9b9792f,uploaded,ok; 186字; dueAt=2026-07-04T18:00:00+09:00; csv_no=26
2026-07-03,sleep,26,2026-07-04T21:00:00+09:00,6a478178c52d46abd3c4fb2e,uploaded,ok; 190字; dueAt=2026-07-04T21:00:00+09:00; csv_no=26
2026-07-03,haircare,26,2026-07-04T23:00:00+09:00,6a4781974719a205bbb57ad1,uploaded,ok; 230字; dueAt=2026-07-04T23:00:00+09:00; csv_no=26
2026-07-04,fatigue,27,2026-07-05T08:00:00+09:00,6a48d2996917141d453be95c,uploaded,ok; 190字; dueAt=2026-07-05T08:00:00+09:00; csv_no=27
2026-07-04,focus,27,2026-07-05T12:00:00+09:00,6a48d2b8c109183ee84d445c,uploaded,ok; 198字; dueAt=2026-07-05T12:00:00+09:00; csv_no=27
2026-07-04,stress,27,2026-07-05T18:00:00+09:00,6a48d2d7c109183ee84d44c5,uploaded,ok; 177字; dueAt=2026-07-05T18:00:00+09:00; csv_no=27
2026-07-04,sleep,27,2026-07-05T21:00:00+09:00,6a48d2f7dd9abec2b4fed575,uploaded,ok; 211字; dueAt=2026-07-05T21:00:00+09:00; csv_no=27
2026-07-04,haircare,27,2026-07-05T23:00:00+09:00,6a48d316c109183ee84d4607,uploaded,ok; 235字; dueAt=2026-07-05T23:00:00+09:00; csv_no=27
2026-07-05,fatigue,28,2026-07-06T08:00:00+09:00,6a4a241bc109183ee8563187,uploaded,ok; 202字; dueAt=2026-07-06T08:00:00+09:00; csv_no=28
2026-07-05,focus,28,2026-07-06T12:00:00+09:00,6a4a243bb3f33d21402bd6f2,uploaded,ok; 184字; dueAt=2026-07-06T12:00:00+09:00; csv_no=28
2026-07-05,stress,28,2026-07-06T18:00:00+09:00,6a4a24599dd66bf2fd5599f6,uploaded,ok; 182字; dueAt=2026-07-06T18:00:00+09:00; csv_no=28
2026-07-05,sleep,28,2026-07-06T21:00:00+09:00,6a4a2478b3f33d21402bd82b,uploaded,ok; 189字; dueAt=2026-07-06T21:00:00+09:00; csv_no=28
2026-07-05,haircare,28,2026-07-06T23:00:00+09:00,6a4a2499dd9abec2b407f152,uploaded,ok; 227字; dueAt=2026-07-06T23:00:00+09:00; csv_no=28
2026-07-06,fatigue,29,2026-07-07T08:00:00+09:00,6a4b759cd158e1064e3a0fab,uploaded,ok; 172字; dueAt=2026-07-07T08:00:00+09:00; csv_no=29
2026-07-06,focus,29,2026-07-07T12:00:00+09:00,6a4b75bca15aed658d2ee71c,uploaded,ok; 206字; dueAt=2026-07-07T12:00:00+09:00; csv_no=29
2026-07-06,stress,29,2026-07-07T18:00:00+09:00,6a4b75db1b2c1e3db53e803c,uploaded,ok; 180字; dueAt=2026-07-07T18:00:00+09:00; csv_no=29
2026-07-06,sleep,29,2026-07-07T21:00:00+09:00,6a4b75fb7b4dcd627f14c285,uploaded,ok; 185字; dueAt=2026-07-07T21:00:00+09:00; csv_no=29
2026-07-06,haircare,29,2026-07-07T23:00:00+09:00,6a4b761a68809aa1d9e6eb7f,uploaded,ok; 225字; dueAt=2026-07-07T23:00:00+09:00; csv_no=29
2026-07-07,fatigue,30,2026-07-08T08:00:00+09:00,6a4cc71afe5a2e76b591b09b,uploaded,ok; 213字; dueAt=2026-07-08T08:00:00+09:00; csv_no=30
2026-07-07,focus,30,2026-07-08T12:00:00+09:00,6a4cc7390599c8b25b57a244,uploaded,ok; 189字; dueAt=2026-07-08T12:00:00+09:00; csv_no=30
2026-07-07,stress,30,2026-07-08T18:00:00+09:00,6a4cc757152c5337a01202cb,uploaded,ok; 194字; dueAt=2026-07-08T18:00:00+09:00; csv_no=30
2026-07-07,sleep,30,2026-07-08T21:00:00+09:00,6a4cc776fe5a2e76b591b53e,uploaded,ok; 194字; dueAt=2026-07-08T21:00:00+09:00; csv_no=30
2026-07-07,haircare,30,2026-07-08T23:00:00+09:00,6a4cc7953ebaae934c6cdaea,uploaded,ok; 228字; dueAt=2026-07-08T23:00:00+09:00; csv_no=30
2026-07-08,fatigue,31,2026-07-09T08:00:00+09:00,6a4e189909ee386683f06601,uploaded,ok; 200字; dueAt=2026-07-09T08:00:00+09:00; csv_no=31
2026-07-08,focus,31,2026-07-09T12:00:00+09:00,6a4e18b809ee386683f067e6,uploaded,ok; 184字; dueAt=2026-07-09T12:00:00+09:00; csv_no=31
2026-07-08,stress,31,2026-07-09T18:00:00+09:00,6a4e18d709ee386683f0699a,uploaded,ok; 204字; dueAt=2026-07-09T18:00:00+09:00; csv_no=31
2026-07-08,sleep,31,2026-07-09T21:00:00+09:00,6a4e18f626304630cb69b44d,uploaded,ok; 176字; dueAt=2026-07-09T21:00:00+09:00; csv_no=31
2026-07-08,haircare,31,2026-07-09T23:00:00+09:00,6a4e19151411216b3b7e1cb0,uploaded,ok; 229字; dueAt=2026-07-09T23:00:00+09:00; csv_no=31
2026-07-09,fatigue,32,2026-07-10T08:00:00+09:00,6a4f6a1cd64db77abfd2ce0d,uploaded,ok; 183字; dueAt=2026-07-10T08:00:00+09:00; csv_no=32
2026-07-09,focus,32,2026-07-10T12:00:00+09:00,6a4f6a3bc1045b1b1cb9e2e0,uploaded,ok; 173字; dueAt=2026-07-10T12:00:00+09:00; csv_no=32
2026-07-09,stress,32,2026-07-10T18:00:00+09:00,6a4f6a5ac1045b1b1cb9e4cb,uploaded,ok; 192字; dueAt=2026-07-10T18:00:00+09:00; csv_no=32
2026-07-09,sleep,32,2026-07-10T21:00:00+09:00,6a4f6a79f73f05ac9a223f9d,uploaded,ok; 190字; dueAt=2026-07-10T21:00:00+09:00; csv_no=32
2026-07-09,haircare,32,2026-07-10T23:00:00+09:00,6a4f6a98d64db77abfd2d430,uploaded,ok; 242字; dueAt=2026-07-10T23:00:00+09:00; csv_no=32
2026-07-10,fatigue,33,2026-07-11T08:00:00+09:00,6a50bb9aa568479189ca6973,uploaded,ok; 182字; dueAt=2026-07-11T08:00:00+09:00; csv_no=33
2026-07-10,focus,33,2026-07-11T12:00:00+09:00,6a50bbb9ab845f17421e7573,uploaded,ok; 196字; dueAt=2026-07-11T12:00:00+09:00; csv_no=33
2026-07-10,stress,33,2026-07-11T18:00:00+09:00,6a50bbd8e9caad523acdd7a3,uploaded,ok; 201字; dueAt=2026-07-11T18:00:00+09:00; csv_no=33
2026-07-10,sleep,33,2026-07-11T21:00:00+09:00,6a50bbf7e9caad523acdd8b5,uploaded,ok; 197字; dueAt=2026-07-11T21:00:00+09:00; csv_no=33
2026-07-10,haircare,33,2026-07-11T23:00:00+09:00,6a50bc15a568479189ca6cca,uploaded,ok; 222字; dueAt=2026-07-11T23:00:00+09:00; csv_no=33
2026-07-11,fatigue,34,2026-07-12T08:00:00+09:00,6a520d1ca27e00341f9c930e,uploaded,ok; 203字; dueAt=2026-07-12T08:00:00+09:00; csv_no=34
2026-07-11,focus,34,2026-07-12T12:00:00+09:00,6a520d3b5bfb30fba4afaf09,uploaded,ok; 186字; dueAt=2026-07-12T12:00:00+09:00; csv_no=34
2026-07-11,stress,34,2026-07-12T18:00:00+09:00,6a520d5a5e5a2e39dfa07713,uploaded,ok; 188字; dueAt=2026-07-12T18:00:00+09:00; csv_no=34
2026-07-11,sleep,34,2026-07-12T21:00:00+09:00,6a520d785bfb30fba4afb07a,uploaded,ok; 181字; dueAt=2026-07-12T21:00:00+09:00; csv_no=34
2026-07-11,haircare,34,2026-07-12T23:00:00+09:00,6a520d975bfb30fba4afb12b,uploaded,ok; 234字; dueAt=2026-07-12T23:00:00+09:00; csv_no=34
2026-07-12,fatigue,35,2026-07-13T08:00:00+09:00,6a535e995e5a2e39dfabe5bb,uploaded,ok; 198字; dueAt=2026-07-13T08:00:00+09:00; csv_no=35
2026-07-12,focus,35,2026-07-13T12:00:00+09:00,6a535eb9b5390f6a13017545,uploaded,ok; 172字; dueAt=2026-07-13T12:00:00+09:00; csv_no=35
2026-07-12,stress,35,2026-07-13T18:00:00+09:00,6a535ed8b5390f6a13017675,uploaded,ok; 194字; dueAt=2026-07-13T18:00:00+09:00; csv_no=35
2026-07-12,sleep,35,2026-07-13T21:00:00+09:00,6a535ef7be6ae83e7d26a8b1,uploaded,ok; 200字; dueAt=2026-07-13T21:00:00+09:00; csv_no=35
2026-07-12,haircare,35,2026-07-13T23:00:00+09:00,6a535f16b5390f6a13017878,uploaded,ok; 224字; dueAt=2026-07-13T23:00:00+09:00; csv_no=35
2026-07-13,fatigue,36,2026-07-14T08:00:00+09:00,6a54b0193be7338246963e56,uploaded,ok; 195字; dueAt=2026-07-14T08:00:00+09:00; csv_no=36
2026-07-13,focus,36,2026-07-14T12:00:00+09:00,6a54b038b9c642053549e109,uploaded,ok; 179字; dueAt=2026-07-14T12:00:00+09:00; csv_no=36
2026-07-13,stress,36,2026-07-14T18:00:00+09:00,6a54b057351542111a39c81b,uploaded,ok; 188字; dueAt=2026-07-14T18:00:00+09:00; csv_no=36
2026-07-13,sleep,36,2026-07-14T21:00:00+09:00,6a54b0769fe08b0ec71c5d85,uploaded,ok; 187字; dueAt=2026-07-14T21:00:00+09:00; csv_no=36
2026-07-13,haircare,36,2026-07-14T23:00:00+09:00,6a54b096e7ce6f96b6519da1,uploaded,ok; 230字; dueAt=2026-07-14T23:00:00+09:00; csv_no=36
2026-07-14,fatigue,37,2026-07-15T08:00:00+09:00,6a56019cfad726931ea293a7,uploaded,ok; 205字; dueAt=2026-07-15T08:00:00+09:00; csv_no=37
2026-07-14,focus,37,2026-07-15T12:00:00+09:00,6a5601bbfad726931ea296fb,uploaded,ok; 212字; dueAt=2026-07-15T12:00:00+09:00; csv_no=37
2026-07-14,stress,37,2026-07-15T18:00:00+09:00,6a5601da14eed84a9c6ea012,uploaded,ok; 188字; dueAt=2026-07-15T18:00:00+09:00; csv_no=37
2026-07-14,sleep,37,2026-07-15T21:00:00+09:00,6a5601f853f5c57d0364b80d,uploaded,ok; 200字; dueAt=2026-07-15T21:00:00+09:00; csv_no=37
2026-07-14,haircare,37,2026-07-15T23:00:00+09:00,6a56021853f5c57d0364b8fc,uploaded,ok; 230字; dueAt=2026-07-15T23:00:00+09:00; csv_no=37
2026-07-15,fatigue,38,2026-07-16T08:00:00+09:00,6a575318590e76277c3d6f82,uploaded,ok; 224字; dueAt=2026-07-16T08:00:00+09:00; csv_no=38
2026-07-15,focus,38,2026-07-16T12:00:00+09:00,6a57533620dbae320b6768e3,uploaded,ok; 179字; dueAt=2026-07-16T12:00:00+09:00; csv_no=38
2026-07-15,stress,38,2026-07-16T18:00:00+09:00,6a575355ff325f46aa720375,uploaded,ok; 214字; dueAt=2026-07-16T18:00:00+09:00; csv_no=38
2026-07-15,sleep,38,2026-07-16T21:00:00+09:00,6a5753753cde10b28beb108b,uploaded,ok; 199字; dueAt=2026-07-16T21:00:00+09:00; csv_no=38
2026-07-15,haircare,38,2026-07-16T23:00:00+09:00,6a57539420dbae320b676d54,uploaded,ok; 230字; dueAt=2026-07-16T23:00:00+09:00; csv_no=38
2026-07-16,fatigue,39,2026-07-17T08:00:00+09:00,6a58a49b75c1a0e79545993c,uploaded,ok; 188字; dueAt=2026-07-17T08:00:00+09:00; csv_no=39
2026-07-16,focus,39,2026-07-17T12:00:00+09:00,6a58a4ba7f68200a6c173eeb,uploaded,ok; 197字; dueAt=2026-07-17T12:00:00+09:00; csv_no=39
2026-07-16,stress,39,2026-07-17T18:00:00+09:00,6a58a4d975c1a0e795459bdb,uploaded,ok; 195字; dueAt=2026-07-17T18:00:00+09:00; csv_no=39
2026-07-16,sleep,39,2026-07-17T21:00:00+09:00,6a58a4f8a7a74e44f1dbb52b,uploaded,ok; 203字; dueAt=2026-07-17T21:00:00+09:00; csv_no=39
2026-07-16,haircare,39,2026-07-17T23:00:00+09:00,6a58a517a7a74e44f1dbb663,uploaded,ok; 239字; dueAt=2026-07-17T23:00:00+09:00; csv_no=39
2026-07-17,fatigue,40,2026-07-18T08:00:00+09:00,6a59f619e62800948960eed2,uploaded,ok; 194字; dueAt=2026-07-18T08:00:00+09:00; csv_no=40
2026-07-17,focus,40,2026-07-18T12:00:00+09:00,6a59f6375fe63aec9c0525eb,uploaded,ok; 180字; dueAt=2026-07-18T12:00:00+09:00; csv_no=40
2026-07-17,stress,40,2026-07-18T18:00:00+09:00,6a59f6571128305407354985,uploaded,ok; 183字; dueAt=2026-07-18T18:00:00+09:00; csv_no=40
2026-07-17,sleep,40,2026-07-18T21:00:00+09:00,6a59f6761128305407354a6f,uploaded,ok; 192字; dueAt=2026-07-18T21:00:00+09:00; csv_no=40
2026-07-17,haircare,40,2026-07-18T23:00:00+09:00,6a59f695e62800948960f4df,uploaded,ok; 225字; dueAt=2026-07-18T23:00:00+09:00; csv_no=40
2026-07-18,fatigue,41,2026-07-19T08:00:00+09:00,6a5b479be6855b81a784f1d8,uploaded,ok; 209字; dueAt=2026-07-19T08:00:00+09:00; csv_no=41
2026-07-18,focus,41,2026-07-19T12:00:00+09:00,6a5b47ba8de1e74f178be59c,uploaded,ok; 197字; dueAt=2026-07-19T12:00:00+09:00; csv_no=41
2026-07-18,stress,41,2026-07-19T18:00:00+09:00,6a5b47d9e6855b81a784f68c,uploaded,ok; 192字; dueAt=2026-07-19T18:00:00+09:00; csv_no=41
2026-07-18,sleep,41,2026-07-19T21:00:00+09:00,6a5b47f9fc7fce1db7083d3d,uploaded,ok; 194字; dueAt=2026-07-19T21:00:00+09:00; csv_no=41
2026-07-18,haircare,41,2026-07-19T23:00:00+09:00,6a5b48178de1e74f178be81d,uploaded,ok; 222字; dueAt=2026-07-19T23:00:00+09:00; csv_no=41
2026-07-19,fatigue,42,2026-07-20T08:00:00+09:00,6a5c99195465343a82644a64,uploaded,ok; 179字; dueAt=2026-07-20T08:00:00+09:00; csv_no=42
2026-07-19,focus,42,2026-07-20T12:00:00+09:00,6a5c993967e8ff89c3a92258,uploaded,ok; 180字; dueAt=2026-07-20T12:00:00+09:00; csv_no=42
2026-07-19,stress,42,2026-07-20T18:00:00+09:00,6a5c995791e65cf726efff35,uploaded,ok; 207字; dueAt=2026-07-20T18:00:00+09:00; csv_no=42
2026-07-19,sleep,42,2026-07-20T21:00:00+09:00,6a5c997667e8ff89c3a9245d,uploaded,ok; 201字; dueAt=2026-07-20T21:00:00+09:00; csv_no=42
2026-07-19,haircare,42,2026-07-20T23:00:00+09:00,6a5c99959357309df2b56153,uploaded,ok; 240字; dueAt=2026-07-20T23:00:00+09:00; csv_no=42
2026-07-20,fatigue,43,2026-07-21T08:00:00+09:00,6a5dea9ac209355f2a4b4d89,uploaded,ok; 181字; dueAt=2026-07-21T08:00:00+09:00; csv_no=43
2026-07-20,focus,43,2026-07-21T12:00:00+09:00,6a5deab9859e0c581cb8a478,uploaded,ok; 175字; dueAt=2026-07-21T12:00:00+09:00; csv_no=43
2026-07-20,stress,43,2026-07-21T18:00:00+09:00,6a5dead8c209355f2a4b51f3,uploaded,ok; 208字; dueAt=2026-07-21T18:00:00+09:00; csv_no=43
2026-07-20,sleep,43,2026-07-21T21:00:00+09:00,6a5deaf7c209355f2a4b5330,uploaded,ok; 184字; dueAt=2026-07-21T21:00:00+09:00; csv_no=43
2026-07-20,haircare,43,2026-07-21T23:00:00+09:00,6a5deb16d00f0535d5f19a98,uploaded,ok; 230字; dueAt=2026-07-21T23:00:00+09:00; csv_no=43
2026-07-21,fatigue,44,2026-07-22T08:00:00+09:00,6a5f3c1a59e855c2ff112e05,uploaded,ok; 191字; dueAt=2026-07-22T08:00:00+09:00; csv_no=44
2026-07-21,focus,44,2026-07-22T12:00:00+09:00,6a5f3c3937639f65b4a4639b,uploaded,ok; 206字; dueAt=2026-07-22T12:00:00+09:00; csv_no=44
2026-07-21,stress,44,2026-07-22T18:00:00+09:00,6a5f3c5937639f65b4a46578,uploaded,ok; 175字; dueAt=2026-07-22T18:00:00+09:00; csv_no=44
2026-07-21,sleep,44,2026-07-22T21:00:00+09:00,6a5f3c78152a96754d7d3915,uploaded,ok; 200字; dueAt=2026-07-22T21:00:00+09:00; csv_no=44
2026-07-21,haircare,44,2026-07-22T23:00:00+09:00,6a5f3c97008558bc7ca7f3ad,uploaded,ok; 227字; dueAt=2026-07-22T23:00:00+09:00; csv_no=44
2026-07-22,fatigue,45,2026-07-23T08:00:00+09:00,6a608d9cf03e483aecf3de0f,uploaded,ok; 190字; dueAt=2026-07-23T08:00:00+09:00; csv_no=45
2026-07-22,focus,45,2026-07-23T12:00:00+09:00,6a608dbb82219af6b638b4a5,uploaded,ok; 186字; dueAt=2026-07-23T12:00:00+09:00; csv_no=45
2026-07-22,stress,45,2026-07-23T18:00:00+09:00,6a608ddadc4c11a090abc905,uploaded,ok; 189字; dueAt=2026-07-23T18:00:00+09:00; csv_no=45
2026-07-22,sleep,45,2026-07-23T21:00:00+09:00,6a608dfa1fb6d8e2fefa841b,uploaded,ok; 191字; dueAt=2026-07-23T21:00:00+09:00; csv_no=45
2026-07-22,haircare,45,2026-07-23T23:00:00+09:00,6a608e19f03e483aecf3e7a6,uploaded,ok; 230字; dueAt=2026-07-23T23:00:00+09:00; csv_no=45
2026-07-23,fatigue,46,2026-07-24T08:00:00+09:00,6a61df1d3e9285bcc5e3f1bb,uploaded,ok; 192字; dueAt=2026-07-24T08:00:00+09:00; csv_no=46
2026-07-23,focus,46,2026-07-24T12:00:00+09:00,6a61df3b81875fee00751a4d,uploaded,ok; 199字; dueAt=2026-07-24T12:00:00+09:00; csv_no=46
2026-07-23,stress,46,2026-07-24T18:00:00+09:00,6a61df5a81875fee00751c4a,uploaded,ok; 201字; dueAt=2026-07-24T18:00:00+09:00; csv_no=46
2026-07-23,sleep,46,2026-07-24T21:00:00+09:00,6a61df793e9285bcc5e3f880,uploaded,ok; 201字; dueAt=2026-07-24T21:00:00+09:00; csv_no=46
2026-07-23,haircare,46,2026-07-24T23:00:00+09:00,6a61df981a0ace5f1f56e77e,uploaded,ok; 239字; dueAt=2026-07-24T23:00:00+09:00; csv_no=46
2026-07-24,fatigue,47,2026-07-25T08:00:00+09:00,6a63309bb6084f0eb139be62,uploaded,ok; 214字; dueAt=2026-07-25T08:00:00+09:00; csv_no=47
2026-07-24,focus,47,2026-07-25T12:00:00+09:00,6a6330ba902a1f57c5013f7c,uploaded,ok; 193字; dueAt=2026-07-25T12:00:00+09:00; csv_no=47
2026-07-24,stress,47,2026-07-25T18:00:00+09:00,6a6330d9902a1f57c50141e1,uploaded,ok; 207字; dueAt=2026-07-25T18:00:00+09:00; csv_no=47
2026-07-24,sleep,47,2026-07-25T21:00:00+09:00,6a6330f73d70829df36d5f9f,uploaded,ok; 203字; dueAt=2026-07-25T21:00:00+09:00; csv_no=47
2026-07-24,haircare,47,2026-07-25T23:00:00+09:00,6a633116902a1f57c501442d,uploaded,ok; 229字; dueAt=2026-07-25T23:00:00+09:00; csv_no=47
2026-07-25,fatigue,48,2026-07-26T08:00:00+09:00,6a647ef89d853f3987832156,uploaded,ok; 198字; dueAt=2026-07-26T08:00:00+09:00; csv_no=48
2026-07-25,focus,48,2026-07-26T12:00:00+09:00,6a647f1712fafbaf49d1b23d,uploaded,ok; 199字; dueAt=2026-07-26T12:00:00+09:00; csv_no=48
2026-07-25,stress,48,2026-07-26T18:00:00+09:00,6a647f3622bc282b886bb2e4,uploaded,ok; 167字; dueAt=2026-07-26T18:00:00+09:00; csv_no=48
2026-07-25,sleep,48,2026-07-26T21:00:00+09:00,6a647f555e6849349861d997,uploaded,ok; 198字; dueAt=2026-07-26T21:00:00+09:00; csv_no=48
2026-07-25,haircare,48,2026-07-26T23:00:00+09:00,6a647f7422bc282b886bb371,uploaded,ok; 232字; dueAt=2026-07-26T23:00:00+09:00; csv_no=48
2026-07-26,fatigue,49,2026-07-27T08:00:00+09:00,6a65d3a122bc282b8878b2a3,uploaded,ok; 182字; dueAt=2026-07-27T08:00:00+09:00; csv_no=49
2026-07-26,focus,49,2026-07-27T12:00:00+09:00,6a65d3bf22bc282b8878b575,uploaded,ok; 196字; dueAt=2026-07-27T12:00:00+09:00; csv_no=49
2026-07-26,stress,49,2026-07-27T18:00:00+09:00,6a65d3de22bc282b8878b83f,uploaded,ok; 176字; dueAt=2026-07-27T18:00:00+09:00; csv_no=49
2026-07-26,sleep,49,2026-07-27T21:00:00+09:00,6a65d3fd351863828cf20aa3,uploaded,ok; 192字; dueAt=2026-07-27T21:00:00+09:00; csv_no=49
2026-07-26,haircare,49,2026-07-27T23:00:00+09:00,6a65d41c79ae388ebda6a39a,uploaded,ok; 232字; dueAt=2026-07-27T23:00:00+09:00; csv_no=49
2026-07-27,fatigue,1,2026-07-28T08:00:00+09:00,6a6725193cc4debc8f604b30,uploaded,ok; 219字; dueAt=2026-07-28T08:00:00+09:00; csv_no=1
2026-07-27,focus,1,2026-07-28T12:00:00+09:00,6a672538d0d8c54153dfd793,uploaded,ok; 198字; dueAt=2026-07-28T12:00:00+09:00; csv_no=1
2026-07-27,stress,1,2026-07-28T18:00:00+09:00,6a672558ab110609352bb7e4,uploaded,ok; 181字; dueAt=2026-07-28T18:00:00+09:00; csv_no=1
2026-07-27,sleep,1,2026-07-28T21:00:00+09:00,6a672577d0d8c54153dfdbf8,uploaded,trim; ok; 265字; dueAt=2026-07-28T21:00:00+09:00; csv_no=1
2026-07-27,haircare,1,2026-07-28T23:00:00+09:00,6a672595f17944bd12f3e9b6,uploaded,trim; ok; 265字; dueAt=2026-07-28T23:00:00+09:00; csv_no=1
2026-07-28,fatigue,2,2026-07-29T08:00:00+09:00,6a68769b836a12294a368e10,uploaded,ok; 215字; dueAt=2026-07-29T08:00:00+09:00; csv_no=2
2026-07-28,focus,2,2026-07-29T12:00:00+09:00,6a6876ba7e8cbcebb3b55025,uploaded,ok; 176字; dueAt=2026-07-29T12:00:00+09:00; csv_no=2
2026-07-28,stress,2,2026-07-29T18:00:00+09:00,6a6876d97e8cbcebb3b55200,uploaded,ok; 194字; dueAt=2026-07-29T18:00:00+09:00; csv_no=2
2026-07-28,sleep,2,2026-07-29T21:00:00+09:00,6a6876f82dcd5a840df361f8,uploaded,ok; 224字; dueAt=2026-07-29T21:00:00+09:00; csv_no=2
2026-07-28,haircare,2,2026-07-29T23:00:00+09:00,6a6877172dcd5a840df36468,uploaded,ok; 248字; dueAt=2026-07-29T23:00:00+09:00; csv_no=2
2026-07-29,fatigue,3,2026-07-30T08:00:00+09:00,6a69c819c8ca96a1d81aae74,uploaded,ok; 219字; dueAt=2026-07-30T08:00:00+09:00; csv_no=3
2026-07-29,focus,3,2026-07-30T12:00:00+09:00,6a69c8390c87519839dd0ff3,uploaded,ok; 177字; dueAt=2026-07-30T12:00:00+09:00; csv_no=3
2026-07-29,stress,3,2026-07-30T18:00:00+09:00,6a69c858c3e77bc8dac6972c,uploaded,ok; 172字; dueAt=2026-07-30T18:00:00+09:00; csv_no=3
2026-07-29,sleep,3,2026-07-30T21:00:00+09:00,6a69c876bbe89a6c4aae536f,uploaded,ok; 244字; dueAt=2026-07-30T21:00:00+09:00; csv_no=3
2026-07-29,haircare,3,2026-07-30T23:00:00+09:00,6a69c8950c87519839dd1580,uploaded,ok; 244字; dueAt=2026-07-30T23:00:00+09:00; csv_no=3
2026-07-30,fatigue,4,2026-07-31T08:00:00+09:00,6a6b19991fcf1719519f0bf1,uploaded,ok; 202字; dueAt=2026-07-31T08:00:00+09:00; csv_no=4
2026-07-30,focus,4,2026-07-31T12:00:00+09:00,6a6b19b81d1bac1ca12aaf71,uploaded,ok; 209字; dueAt=2026-07-31T12:00:00+09:00; csv_no=4
2026-07-30,stress,4,2026-07-31T18:00:00+09:00,6a6b19d7afd55acc4fb67ba5,uploaded,ok; 168字; dueAt=2026-07-31T18:00:00+09:00; csv_no=4
2026-07-30,sleep,4,2026-07-31T21:00:00+09:00,6a6b19f7624551d661c4a218,uploaded,ok; 208字; dueAt=2026-07-31T21:00:00+09:00; csv_no=4
2026-07-30,haircare,4,2026-07-31T23:00:00+09:00,6a6b1a15afd55acc4fb67d8a,uploaded,ok; 252字; dueAt=2026-07-31T23:00:00+09:00; csv_no=4
2026-07-31,fatigue,5,2026-08-01T08:00:00+09:00,6a6c6b19a16737c084f3b0db,uploaded,ok; 208字; dueAt=2026-08-01T08:00:00+09:00; csv_no=5
2026-07-31,focus,5,2026-08-01T12:00:00+09:00,6a6c6b38de878cc080915632,uploaded,ok; 181字; dueAt=2026-08-01T12:00:00+09:00; csv_no=5
2026-07-31,stress,5,2026-08-01T18:00:00+09:00,6a6c6b579c1435a85005dc38,uploaded,ok; 190字; dueAt=2026-08-01T18:00:00+09:00; csv_no=5
2026-07-31,sleep,5,2026-08-01T21:00:00+09:00,6a6c6b76f681c7092bfcb237,uploaded,ok; 216字; dueAt=2026-08-01T21:00:00+09:00; csv_no=5
2026-07-31,haircare,5,2026-08-01T23:00:00+09:00,6a6c6b949c1435a85005df0b,uploaded,ok; 233字; dueAt=2026-08-01T23:00:00+09:00; csv_no=5
2026-08-01,fatigue,6,2026-08-02T08:00:00+09:00,6a6dbc9aef3b8a12e1262388,uploaded,ok; 206字; dueAt=2026-08-02T08:00:00+09:00; csv_no=6
2026-08-01,focus,6,2026-08-02T12:00:00+09:00,6a6dbcb82bbc9e058730bf74,uploaded,ok; 173字; dueAt=2026-08-02T12:00:00+09:00; csv_no=6
2026-08-01,stress,6,2026-08-02T18:00:00+09:00,6a6dbcd72bbc9e058730c17a,uploaded,ok; 201字; dueAt=2026-08-02T18:00:00+09:00; csv_no=6
2026-08-01,sleep,6,2026-08-02T21:00:00+09:00,6a6dbcf64385b490a3706515,uploaded,ok; 230字; dueAt=2026-08-02T21:00:00+09:00; csv_no=6
2026-08-01,haircare,6,2026-08-02T23:00:00+09:00,6a6dbd15f93d764d93895a2e,uploaded,ok; 237字; dueAt=2026-08-02T23:00:00+09:00; csv_no=6
2026-08-02,fatigue,7,2026-08-03T08:00:00+09:00,6a6f0e1e2bbc9e058741174e,uploaded,ok; 241字; dueAt=2026-08-03T08:00:00+09:00; csv_no=7
2026-08-02,focus,7,2026-08-03T12:00:00+09:00,6a6f0e3d1b4d436cc31350a5,uploaded,ok; 200字; dueAt=2026-08-03T12:00:00+09:00; csv_no=7
2026-08-02,stress,7,2026-08-03T18:00:00+09:00,6a6f0e5c5dc5613cefdb5ffc,uploaded,ok; 169字; dueAt=2026-08-03T18:00:00+09:00; csv_no=7
2026-08-02,sleep,7,2026-08-03T21:00:00+09:00,6a6f0e7b1b4d436cc31353ef,uploaded,ok; 222字; dueAt=2026-08-03T21:00:00+09:00; csv_no=7
2026-08-02,haircare,7,2026-08-03T23:00:00+09:00,6a6f0e9a98d2f31dff09e0c7,uploaded,ok; 241字; dueAt=2026-08-03T23:00:00+09:00; csv_no=7
2026-08-03,fatigue,8,2026-08-04T08:00:00+09:00,6a705f9be40db6906861a367,uploaded,ok; 205字; dueAt=2026-08-04T08:00:00+09:00; csv_no=8
2026-08-03,focus,8,2026-08-04T12:00:00+09:00,6a705fb99d32473a6324720d,uploaded,ok; 205字; dueAt=2026-08-04T12:00:00+09:00; csv_no=8
2026-08-03,stress,8,2026-08-04T18:00:00+09:00,6a705fd8e40db6906861aa40,uploaded,ok; 183字; dueAt=2026-08-04T18:00:00+09:00; csv_no=8
2026-08-03,sleep,8,2026-08-04T21:00:00+09:00,6a705ff77d49139834266263,uploaded,ok; 212字; dueAt=2026-08-04T21:00:00+09:00; csv_no=8
2026-08-03,haircare,8,2026-08-04T23:00:00+09:00,6a7060159d32473a632477d4,uploaded,ok; 250字; dueAt=2026-08-04T23:00:00+09:00; csv_no=8
2026-08-04,fatigue,9,2026-08-05T08:00:00+09:00,6a71c265e3f5076c89722842,uploaded,ok; 193字; dueAt=2026-08-05T08:00:00+09:00; csv_no=9
2026-08-04,focus,9,2026-08-05T12:00:00+09:00,6a71c28427d621ff786ff3cd,uploaded,ok; 215字; dueAt=2026-08-05T12:00:00+09:00; csv_no=9
2026-08-04,stress,9,2026-08-05T18:00:00+09:00,6a71c2a2e3f5076c89722bd1,uploaded,ok; 195字; dueAt=2026-08-05T18:00:00+09:00; csv_no=9
2026-08-04,sleep,9,2026-08-05T21:00:00+09:00,6a71dbd7e4949315289d954f,uploaded,ok; 220字; dueAt=2026-08-05T21:00:00+09:00; csv_no=9
2026-08-04,haircare,9,2026-08-05T23:00:00+09:00,6a71dbf659110cf042af6592,uploaded,ok; 249字; dueAt=2026-08-05T23:00:00+09:00; csv_no=9
2026-08-05,fatigue,10,2026-08-06T08:00:00+09:00,6a72e284275e5a0919539722,uploaded,ok; 201字; dueAt=2026-08-06T08:00:00+09:00; csv_no=10
2026-08-05,focus,10,2026-08-06T12:00:00+09:00,6a72e2a4c549049f46561510,uploaded,ok; 195字; dueAt=2026-08-06T12:00:00+09:00; csv_no=10
2026-08-05,pet,18,2026-08-06T15:00:00+09:00,6a72e2c2275e5a0919539a20,uploaded,ok; 189字; dueAt=2026-08-06T15:00:00+09:00; csv_no=18
2026-08-05,stress,10,2026-08-06T18:00:00+09:00,6a72e2e1beaf5fe35558ba39,uploaded,ok; 183字; dueAt=2026-08-06T18:00:00+09:00; csv_no=10
2026-08-05,factoring,18,2026-08-06T20:00:00+09:00,6a72e300250d6d727c09f87c,uploaded,ok; 78字; dueAt=2026-08-06T20:00:00+09:00; csv_no=18
2026-08-05,sleep,10,2026-08-06T21:00:00+09:00,6a72e31f26354a038b53ff9b,uploaded,ok; 203字; dueAt=2026-08-06T21:00:00+09:00; csv_no=10
2026-08-05,haircare,10,2026-08-06T23:00:00+09:00,6a72e33ee205b41238794d95,uploaded,ok; 263字; dueAt=2026-08-06T23:00:00+09:00; csv_no=10
